{"value_loss":146.90225219726562,"_wandb":{"runtime":46666},"_step":292,"rollout_contact_rate":0.34375,"_timestamp":1.7739239415294518e+09,"clipfrac":0.71875,"update":292,"teacher_forcing_coef":0.05,"avg_return":97.75514030456543,"rollout_progress":0.26750004291534424,"bc_loss":0.06578626483678818,"policy_loss":0.14278142154216766,"curriculum_level":0,"teacher_qpos_residual_l1":0.15697653591632843,"approx_kl":-0.4515758156776428,"curriculum_phase":"grasp","entropy":3.1457934379577637,"success_rate":1,"avg_progress":0.39753139615058897,"teacher_forcing_recent_success":1,"contact_aux_loss":0.3287731409072876,"_runtime":46666.710593866}