{"min": [-0.325758, -0.889797, -0.361296], "max": [0.339282, 0.871329, 0.412295]}