{"min": [-0.32881, -0.92919, -0.390885], "max": [0.341691, 0.87123, 0.418825]}